[
  {
    "id": "1",
    "usuario": "juanperez",
    "clave": "1234",
    "cuenta": {
      "numero": "ES1234567890",
      "saldo": 1500.50,
      "historial": [
        { "tipo": "deposito", "monto": 500, "fecha": "2025-07-20", "descripcion": "Depósito inicial" },
        { "tipo": "extraccion", "monto": 100, "fecha": "2025-07-22", "descripcion": "Compra online" },
        { "tipo": "deposito", "monto": 250, "fecha": "2025-07-24", "descripcion": "Transferencia recibida" }
      ]
    }
  },
  {
    "id": "2",
    "usuario": "mariagomez",
    "clave": "5678",
    "cuenta": {
      "numero": "AR9876543210",
      "saldo": 3000.75,
      "historial": [
        { "tipo": "deposito", "monto": 1000, "fecha": "2025-07-18", "descripcion": "Sueldo" },
        { "tipo": "transferencia", "monto": 250, "fecha": "2025-07-23", "descripcion": "Transferencia a Juan" }
      ]
    }
  }
]